City_ID,City,Country,Lat,Lng,Max Temp,Humidity,Cloudiness,Wind Speed,Current Description
0,Punta Arenas,CL,-53.15,-70.9167,41.11,87,40,23.02,light intensity shower rain
1,Nikolskoye,RU,59.7035,30.7861,30.7,96,35,2.95,scattered clouds
2,Loa Janan,ID,-0.583,117.095,70.61,94,98,1.61,overcast clouds
3,Westport,US,41.1415,-73.3579,44.91,92,100,5.75,overcast clouds
4,Nanlong,CN,31.3533,106.0631,58.53,77,100,4.72,moderate rain
5,Yellowknife,CA,62.456,-114.3525,20.41,68,75,17.27,broken clouds
6,Camocim,BR,-2.9022,-40.8411,79.05,88,86,9.48,heavy intensity rain
7,Calvinia,ZA,-31.4707,19.776,59.16,63,0,7.56,clear sky
8,Milkovo,RU,54.7167,158.6167,12.15,82,19,4.21,few clouds
9,Mar Del Plata,AR,-38.0023,-57.5575,75.22,62,40,21.85,scattered clouds
10,Carnarvon,AU,-24.8667,113.6333,77.07,83,40,12.66,scattered clouds
11,Ushuaia,AR,-54.8,-68.3,38.86,81,40,31.07,light rain
12,Busselton,AU,-33.65,115.3333,62.58,81,51,16.98,broken clouds
13,Avarua,CK,-21.2078,-159.775,77.05,94,20,2.3,few clouds
14,Berbera,SO,10.4396,45.0143,84.13,59,5,2.44,clear sky
15,Kavieng,PG,-2.5744,150.7967,80.69,78,100,4.63,light rain
16,Hilo,US,19.7297,-155.09,78.53,76,100,6.91,heavy intensity rain
17,Longkou,CN,37.6508,120.3286,46.18,71,0,14.32,clear sky
18,Tuatapere,NZ,-46.1333,167.6833,46.99,92,87,3.44,overcast clouds
19,Fairbanks,US,64.8378,-147.7164,22.01,63,40,3.44,scattered clouds
20,Atuona,PF,-9.8,-139.0333,79.95,72,83,21.14,broken clouds
21,Tabou,CI,4.423,-7.3528,80.47,82,100,10.38,overcast clouds
22,Jamestown,US,42.097,-79.2353,33.71,75,100,9.22,light snow
23,Upington,ZA,-28.4478,21.2561,64.78,52,0,5.75,clear sky
24,Albany,US,42.6001,-73.9662,41.63,86,100,0.94,moderate rain
25,Esperance,AU,-33.8667,121.9,64.24,92,100,7.54,light rain
26,Kumano,JP,34.3442,132.5894,43.93,84,0,5.48,clear sky
27,Cape Town,ZA,-33.9258,18.4232,65.12,80,0,13.8,clear sky
28,Victoria,HK,22.2855,114.1577,65.25,65,0,13.0,clear sky
29,Kamina,CD,-8.7386,24.9906,66.72,92,98,1.41,light rain
30,Tessalit,ML,20.1986,1.0114,91.65,8,0,6.53,clear sky
31,La Ronge,CA,55.1001,-105.2842,41.22,48,20,6.91,few clouds
32,Georgetown,MY,5.4112,100.3354,78.73,93,20,3.44,few clouds
33,Cabo San Lucas,MX,22.8909,-109.9124,77.61,57,0,10.36,clear sky
34,Vaini,TO,-21.2,-175.2,73.56,100,100,5.75,light intensity shower rain
35,New Norfolk,AU,-42.7826,147.0587,56.7,89,99,1.03,overcast clouds
36,Bambous Virieux,MU,-20.3428,57.7575,80.22,83,75,11.5,broken clouds
37,Constitucion,CL,-35.3333,-72.4167,62.78,44,0,22.1,clear sky
38,Thompson,CA,55.7435,-97.8558,37.56,48,100,11.5,overcast clouds
39,Mataura,NZ,-46.1927,168.8643,46.13,95,98,2.01,overcast clouds
40,Rikitea,PF,-23.1203,-134.9692,76.71,66,56,10.27,broken clouds
41,Balkanabat,TM,39.5108,54.3671,75.47,17,0,2.28,clear sky
42,Oudtshoorn,ZA,-33.5907,22.2014,59.36,84,2,2.59,clear sky
43,Nishihara,JP,26.1842,127.7558,63.68,80,40,12.66,scattered clouds
44,Hofn,IS,64.2539,-15.2082,38.17,84,100,16.91,overcast clouds
45,Klaksvik,FO,62.2266,-6.589,45.52,98,100,17.2,overcast clouds
46,Tacuarembo,UY,-31.7333,-55.9833,64.42,98,100,2.91,overcast clouds
47,Ponta Do Sol,PT,32.6667,-17.1,61.43,71,100,15.35,overcast clouds
48,West Bay,KY,19.3667,-81.4167,86.07,74,20,11.5,few clouds
49,Bluff,NZ,-46.6,168.3333,56.23,75,98,12.28,overcast clouds
50,Shelburne,CA,44.0787,-80.2041,39.13,82,100,13.85,overcast clouds
51,East London,ZA,-33.0153,27.9116,72.39,89,100,15.41,overcast clouds
52,Dikson,RU,73.5069,80.5464,-2.94,100,45,9.19,scattered clouds
53,Pevek,RU,69.7008,170.3133,-19.73,96,24,2.28,few clouds
54,Lahaina,US,20.8783,-156.6825,78.8,79,14,12.55,few clouds
55,Majene,ID,-3.5403,118.9707,77.09,85,90,4.07,overcast clouds
56,Mabaruma,GY,8.2,-59.7833,82.17,65,100,7.61,overcast clouds
57,Mozarlandia,BR,-14.7447,-50.5706,87.89,55,6,2.84,clear sky
58,Madera,US,37.1666,-119.8343,78.51,46,70,1.01,broken clouds
59,Hobart,AU,-42.8794,147.3294,57.06,93,100,6.91,overcast clouds
60,Dutlwe,BW,-23.9833,23.9,65.08,88,100,3.29,light rain
61,Bredasdorp,ZA,-34.5322,20.0403,61.47,88,56,2.28,broken clouds
62,Port Hedland,AU,-20.3167,118.5667,78.85,78,0,8.05,clear sky
63,Katiola,CI,8.1333,-5.1,83.03,56,100,4.76,overcast clouds
64,Svecha,RU,58.2785,47.5164,27.21,92,97,10.29,overcast clouds
65,Tongchuan,CN,35.0806,109.0897,53.06,55,100,0.54,overcast clouds
66,Sao Filipe,CV,14.8961,-24.4956,71.13,76,4,9.53,clear sky
67,Lumut,MY,4.2323,100.6298,77.02,88,20,0.0,few clouds
68,Pareora,NZ,-44.4871,171.2132,53.08,89,86,2.91,overcast clouds
69,Qaanaaq,GL,77.484,-69.3632,14.67,75,92,6.04,overcast clouds
70,Peniche,PT,39.3558,-9.3811,56.08,69,76,24.76,broken clouds
71,Yumen,CN,40.2833,97.2,47.28,23,6,12.1,clear sky
72,Hermanus,ZA,-34.4187,19.2345,61.81,87,1,8.59,clear sky
73,Abu Samrah,SY,35.3029,37.1841,61.27,44,97,8.01,overcast clouds
74,Barrow,US,71.2906,-156.7887,-7.58,71,40,16.11,mist
75,Likhoy,RU,48.1266,40.2056,48.94,78,100,20.51,overcast clouds
76,Port Alfred,ZA,-33.5906,26.891,68.18,91,98,3.0,overcast clouds
77,Upernavik,GL,72.7868,-56.1549,18.46,86,46,3.96,scattered clouds
78,Nemuro,JP,43.3236,145.575,35.28,82,0,14.72,clear sky
79,Kodiak,US,57.79,-152.4072,36.91,65,100,11.5,overcast clouds
80,Lagoa,PT,39.05,-27.9833,58.95,82,0,19.17,clear sky
81,Provideniya,RU,64.3833,-173.3,2.8,74,0,11.5,clear sky
82,Praia,CV,14.9215,-23.5087,73.94,60,20,13.8,few clouds
83,Kiunga,PG,-6.1219,141.2906,72.43,96,35,0.94,scattered clouds
84,Puerto Carreno,CO,6.189,-67.4859,94.98,46,40,5.75,scattered clouds
85,Airai,TL,-8.9266,125.4092,56.95,77,20,1.16,few clouds
86,Dingle,PH,10.9995,122.6711,75.43,86,100,6.98,overcast clouds
87,Kloulklubed,PW,7.0419,134.2556,75.7,79,100,4.61,overcast clouds
88,Ojinaga,MX,29.5667,-104.4167,89.56,32,0,3.44,clear sky
89,Puerto Ayora,EC,-0.7393,-90.3518,85.96,76,45,11.61,light rain
90,Denia,ES,38.8408,0.1057,52.75,56,100,8.99,overcast clouds
91,Kirakira,SB,-10.4544,161.9205,80.71,83,100,10.67,overcast clouds
92,Beringovskiy,RU,63.05,179.3167,-4.9,86,49,15.26,scattered clouds
93,Tura,IN,25.5198,90.2201,69.84,94,11,6.31,moderate rain
94,Manggar,ID,-2.8833,108.2667,77.81,85,54,4.05,broken clouds
95,San Pedro,PH,14.35,121.0167,79.27,76,20,4.61,few clouds
96,Kununurra,AU,-15.7667,128.7333,66.18,88,29,0.0,scattered clouds
97,Morehead,US,37.2711,-87.1764,62.78,35,0,5.75,clear sky
98,Mahebourg,MU,-20.4081,57.7,80.26,83,75,11.5,broken clouds
99,Saskylakh,RU,71.9167,114.0833,-7.06,98,100,9.66,overcast clouds
100,Ozinki,RU,51.1786,49.6769,51.01,74,100,12.1,overcast clouds
101,Vila Franca Do Campo,PT,37.7167,-25.4333,61.21,75,13,14.45,few clouds
102,Pimentel,PE,-6.8367,-79.9342,82.69,47,0,17.27,clear sky
103,Ketchikan,US,55.3422,-131.6461,44.58,75,100,17.27,light rain
104,Saint-Philippe,RE,-21.3585,55.7679,74.79,91,100,13.73,heavy intensity rain
105,Playas,EC,-2.6333,-80.3833,78.76,77,71,9.84,broken clouds
106,Srandakan,ID,-7.9386,110.2506,76.21,87,100,4.43,overcast clouds
107,Denpasar,ID,-8.65,115.2167,78.46,94,40,1.14,scattered clouds
108,Ayagoz,KZ,47.9714,80.4392,37.47,75,30,4.68,scattered clouds
109,Jawhar,SO,2.7809,45.5005,80.19,80,83,12.3,broken clouds
110,Castro,BR,-24.7911,-50.0119,71.73,80,69,4.59,broken clouds
111,Sambava,MG,-14.2667,50.1667,77.65,87,100,8.7,light rain
112,La Trinitaria,MX,16.1167,-92.05,86.0,21,100,10.92,overcast clouds
113,Dasoguz,TM,41.8363,59.9666,64.35,34,0,11.5,clear sky
114,Neiafu,TO,-18.65,-173.9833,81.28,78,40,4.61,scattered clouds
115,Bubaque,GW,11.2833,-15.8333,75.2,71,35,22.77,scattered clouds
116,Sinnamary,GF,5.3833,-52.95,79.23,87,50,11.65,light rain
117,Haines Junction,CA,60.7522,-137.5108,33.75,64,100,0.0,overcast clouds
118,Valparaiso,CL,-33.0393,-71.6273,77.23,53,0,13.8,clear sky
119,Sabang,ID,5.8933,95.3214,80.2,78,100,10.8,overcast clouds
120,Norman Wells,CA,65.282,-126.8329,-3.96,54,75,4.61,broken clouds
121,Vila Velha,BR,-20.3297,-40.2925,84.15,79,40,10.36,scattered clouds
122,Youghal,IE,51.95,-7.8506,49.21,86,99,10.74,overcast clouds
123,Taclobo,PH,12.3074,122.586,79.92,75,26,8.77,scattered clouds
124,Kunming,CN,25.0389,102.7183,48.13,66,0,6.71,clear sky
125,Upata,VE,8.0086,-62.3989,82.71,56,100,5.75,overcast clouds
126,Atikokan,CA,48.7555,-91.6216,34.7,80,100,1.97,overcast clouds
127,Ixtapa,MX,20.7,-105.2,78.03,57,0,8.05,clear sky
128,Butaritari,KI,3.0707,172.7902,81.46,72,98,14.5,overcast clouds
129,Ribeira Grande,PT,38.5167,-28.7,64.8,63,20,10.36,few clouds
130,Sabha,LY,27.0377,14.4283,81.61,8,0,8.97,clear sky
131,Axim,GH,4.8699,-2.2405,81.97,86,100,10.85,overcast clouds
132,Kapaa,US,22.0752,-159.319,77.18,77,40,20.71,scattered clouds
133,Laguna,US,38.421,-121.4238,78.78,24,0,9.22,clear sky
134,Caravelas,BR,-17.7125,-39.2481,80.02,68,0,6.64,clear sky
135,Tiksi,RU,71.6872,128.8694,4.77,98,100,8.01,overcast clouds
136,Sungaipenuh,ID,-2.0833,101.3833,62.02,90,87,1.95,overcast clouds
137,Koshekhabl,RU,44.8972,40.5119,49.5,76,100,20.78,moderate rain
138,San-Pedro,CI,4.7485,-6.6363,80.96,82,100,11.79,overcast clouds
139,Honiara,SB,-9.4333,159.95,79.0,88,97,6.06,overcast clouds
140,Charleston,US,32.7766,-79.9309,78.03,32,0,11.5,clear sky
141,Pacific Grove,US,36.6177,-121.9166,64.2,78,20,12.66,few clouds
142,Vestmannaeyjar,IS,63.4427,-20.2734,42.98,81,100,18.9,overcast clouds
143,Buckingham,GB,51.9997,-0.9878,44.33,65,85,5.99,overcast clouds
144,Maningrida,AU,-12.0667,134.2667,77.02,84,88,2.06,overcast clouds
145,Te Anau,NZ,-45.4167,167.7167,46.22,75,69,0.94,broken clouds
146,Longyearbyen,SJ,78.2186,15.6401,6.64,56,20,18.41,few clouds
147,Sharan,RU,54.8167,54.0,39.76,95,100,9.42,overcast clouds
148,Port-Gentil,GA,-0.7193,8.7815,81.12,80,30,7.4,scattered clouds
149,Arraial Do Cabo,BR,-22.9661,-42.0278,82.36,74,40,12.66,scattered clouds
150,Tulun,RU,54.5611,100.5792,22.05,97,100,3.38,light snow
151,Port Elizabeth,ZA,-33.918,25.5701,64.09,95,0,8.05,clear sky
152,Ancud,CL,-41.8697,-73.8203,50.23,67,81,8.99,broken clouds
153,Palmer,US,42.1584,-72.3287,52.41,60,100,11.5,overcast clouds
154,Kysyl-Syr,RU,63.8986,122.7617,15.44,97,100,4.14,light snow
155,Chokurdakh,RU,70.6333,147.9167,-21.78,100,81,2.57,broken clouds
156,Asfi,MA,32.2994,-9.2372,60.06,76,37,10.4,scattered clouds
157,Lompoc,US,34.6391,-120.4579,63.84,78,100,7.0,overcast clouds
158,Chekhov,RU,55.1431,37.4711,31.89,92,100,6.04,overcast clouds
159,Coquimbo,CL,-29.9533,-71.3436,62.33,72,0,12.66,clear sky
160,Jacareacanga,BR,-6.2222,-57.7528,76.66,96,100,2.59,overcast clouds
161,Usinsk,RU,65.9939,57.5281,19.71,85,100,12.08,overcast clouds
162,Makakilo City,US,21.3469,-158.0858,77.32,54,20,18.41,few clouds
163,Padang,ID,-0.9492,100.3543,75.87,86,31,4.38,scattered clouds
164,Mount Isa,AU,-20.7333,139.5,74.97,25,100,4.61,light rain
165,Zyryanka,RU,65.75,150.85,-21.71,100,67,1.86,broken clouds
166,Tignere,CM,7.3667,12.65,80.8,26,100,3.51,overcast clouds
167,Alcacer Do Sal,PT,38.3733,-8.5144,48.49,45,67,7.58,broken clouds
168,Berdigestyakh,RU,62.0989,126.6992,19.8,96,100,6.53,light snow
169,Oranjemund,NA,-28.55,16.4333,59.9,93,0,3.47,clear sky
170,Eloy,US,32.7559,-111.5548,84.4,15,2,5.66,clear sky
171,Swan Hill,AU,-35.3378,143.5544,54.99,86,0,1.83,clear sky
172,Huarmey,PE,-10.0681,-78.1522,74.97,73,18,11.99,few clouds
173,Hede,CN,33.7681,120.2517,40.95,67,1,6.02,light rain
174,Puerto Berrio,CO,6.4916,-74.4033,94.03,47,39,1.39,scattered clouds
175,Bengkulu,ID,-3.8004,102.2655,76.93,82,100,4.61,overcast clouds
176,Meulaboh,ID,4.1363,96.1285,74.25,84,100,3.09,overcast clouds
177,Chapais,CA,49.7834,-74.8492,38.98,85,100,5.99,overcast clouds
178,High Level,CA,58.5169,-117.136,28.51,64,75,11.5,broken clouds
179,Sola,VU,-13.8833,167.55,79.29,72,100,9.6,overcast clouds
180,Fare,PF,-16.7,-151.0167,81.75,75,57,11.07,broken clouds
181,Baiyin,CN,36.5583,104.2081,45.95,48,66,3.31,broken clouds
182,Rayong,TH,12.8333,101.4333,74.77,76,99,8.88,overcast clouds
183,Khatanga,RU,71.9667,102.5,-29.15,100,99,4.09,overcast clouds
184,Ahuimanu,US,21.4447,-157.8378,78.51,61,40,18.41,scattered clouds
185,Isangel,VU,-19.55,169.2667,80.24,84,100,8.39,overcast clouds
186,Vila,PT,42.0304,-8.1588,40.08,68,22,5.1,few clouds
187,Tazovskiy,RU,67.4667,78.7,-7.42,100,65,6.69,broken clouds
188,Clyde River,CA,70.4692,-68.5914,12.43,85,75,8.05,broken clouds
189,Saqqez,IR,36.2499,46.2735,58.28,38,100,5.35,overcast clouds
190,Kot Samaba,PK,28.5522,70.4684,80.65,6,18,4.61,few clouds
191,Tungor,RU,53.3808,142.9564,32.5,82,92,11.79,overcast clouds
192,Khasan,RU,42.4308,130.6434,38.44,81,5,0.65,clear sky
193,Sorland,NO,67.667,12.6934,31.86,69,28,10.54,scattered clouds
194,Atar,MR,20.5169,-13.0499,77.85,16,0,9.86,clear sky
195,Mantua,IT,45.1667,10.7833,48.09,78,86,3.0,overcast clouds
196,Aranos,NA,-24.1333,19.1167,72.3,23,3,12.41,clear sky
197,Havre-Saint-Pierre,CA,50.2334,-63.5986,41.36,48,0,20.71,clear sky
198,Hithadhoo,MV,-0.6,73.0833,83.03,69,53,4.81,broken clouds
199,Sao Felix Do Xingu,BR,-6.6447,-51.995,80.04,91,24,3.58,very heavy rain
200,Tromso,NO,69.6496,18.957,26.62,54,0,3.44,clear sky
201,Royal Palm Beach,US,26.7084,-80.2306,82.99,69,75,9.22,broken clouds
202,Guerrero Negro,MX,27.9769,-114.0611,65.97,53,31,14.65,scattered clouds
203,Mangan,IN,27.5167,88.5333,70.09,79,100,2.57,overcast clouds
204,Edd,ER,13.9297,41.6925,87.33,46,3,17.98,clear sky
205,Karratha,AU,-20.7377,116.8463,80.78,71,0,10.69,clear sky
206,Santo Tomas,PH,14.1079,121.1414,78.49,84,79,7.29,broken clouds
207,Finnsnes,NO,69.2296,17.9811,25.41,74,17,7.02,few clouds
208,San Cristobal,VE,7.7669,-72.225,82.58,49,43,6.51,scattered clouds
209,San Policarpo,PH,12.1791,125.5072,79.18,85,89,12.8,overcast clouds
210,Necochea,AR,-38.5473,-58.7368,55.35,66,100,24.38,overcast clouds
211,Chuy,UY,-33.6971,-53.4616,71.62,68,92,10.69,light rain
212,Katsuura,JP,35.1333,140.3,54.25,87,100,18.01,light rain
213,Burgeo,CA,47.6167,-57.6152,34.16,83,17,23.53,few clouds
214,Taree,AU,-31.9,152.4667,62.53,94,75,5.75,broken clouds
215,Anito,PH,12.4497,125.2886,77.34,90,95,9.42,overcast clouds
216,Vitina,BA,43.2375,17.4839,45.97,73,7,3.74,clear sky
217,San Patricio,US,28.017,-97.5169,88.16,43,0,14.03,clear sky
218,Tautira,PF,-17.7333,-149.15,81.81,77,20,14.76,light rain
219,Horsham,GB,51.064,-0.3272,46.11,58,0,4.61,clear sky
220,San Juan,AR,-31.5375,-68.5364,71.83,30,0,21.32,clear sky
221,Acapulco,MX,16.8634,-99.8901,84.76,53,4,10.54,clear sky
222,Asau,RO,46.4333,26.4,32.92,93,100,1.21,snow
223,Peleduy,RU,59.6289,112.7406,15.31,96,100,5.59,light snow
224,Mana,GF,5.6592,-53.7767,80.01,83,40,11.43,scattered clouds
225,Sisimiut,GL,66.9395,-53.6735,34.07,89,14,4.21,few clouds
226,Floirac,FR,44.8324,-0.5141,42.91,58,0,6.91,clear sky
227,Druzhba,UA,52.0428,33.9453,31.19,95,100,9.73,light snow
228,Cidreira,BR,-30.1811,-50.2056,69.98,95,100,19.13,overcast clouds
229,Hirara,JP,24.8,125.2833,68.92,69,94,25.12,overcast clouds
230,Dongsheng,CN,39.8161,109.9776,43.11,35,0,6.06,clear sky
231,Flinders,AU,-34.5833,150.8552,61.88,77,0,3.0,clear sky
232,Olafsvik,IS,64.8945,-23.7142,36.0,93,100,17.45,overcast clouds
233,Olinda,BR,-8.0089,-34.8553,83.93,74,40,10.36,scattered clouds
234,Magadan,RU,59.5667,150.8,3.78,92,26,4.65,scattered clouds
235,Vicuna,CL,-30.0319,-70.7081,85.77,33,0,7.92,clear sky
236,Ballina,AU,-28.8667,153.5667,64.78,96,100,6.91,light rain
237,Nantucket,US,41.2835,-70.0995,48.31,75,100,10.36,overcast clouds
238,Iqaluit,CA,63.7506,-68.5145,26.33,86,75,23.02,broken clouds
239,Coroico,BO,-16.1889,-67.7271,67.91,82,99,2.24,overcast clouds
240,Yerofey Pavlovich,RU,53.9667,121.9667,15.78,82,85,4.7,overcast clouds
241,Wagar,SD,16.1525,36.2032,88.56,35,79,13.04,broken clouds
242,Puerto Quijarro,BO,-17.7833,-57.7667,87.4,54,96,3.0,overcast clouds
243,Saint-Pierre,RE,-21.3393,55.4781,74.88,94,100,9.22,overcast clouds
244,Santiago Del Estero,AR,-27.7951,-64.2615,83.26,33,0,2.37,clear sky
245,Kargasok,RU,59.0556,80.8572,21.49,88,100,9.46,overcast clouds
246,Kahului,US,20.8947,-156.47,78.96,66,40,25.32,scattered clouds
247,Marawi,PH,7.9986,124.2928,67.33,95,89,0.98,overcast clouds
248,Comodoro Rivadavia,AR,-45.8667,-67.5,66.06,24,0,21.85,clear sky
249,Roald,NO,62.5833,6.1333,38.75,93,75,3.44,light shower snow
250,Cap-Aux-Meules,CA,47.3821,-61.8597,33.85,75,20,17.27,few clouds
251,Plettenberg Bay,ZA,-34.0527,23.3716,61.18,90,82,1.97,broken clouds
252,Hambantota,LK,6.1241,81.1185,78.1,83,14,1.81,few clouds
253,Hovd,MN,48.0056,91.6419,40.64,36,99,6.62,overcast clouds
254,Leh,IN,34.1667,77.5833,24.8,63,49,5.64,scattered clouds
255,Miri,MY,4.4148,114.0089,75.34,100,20,2.3,few clouds
256,Juegang,CN,32.3174,121.1855,46.9,72,14,6.26,few clouds
257,Castle Rock,US,39.3722,-104.8561,49.28,46,100,5.99,overcast clouds
258,Ban Nahin,LA,18.2418,104.2122,63.23,66,92,3.56,overcast clouds
259,Clarence Town,AU,-32.5833,151.7833,64.81,76,87,3.22,overcast clouds
260,Faanui,PF,-16.4833,-151.75,81.82,75,71,10.51,broken clouds
261,Teguise,ES,29.0605,-13.564,62.82,88,75,16.11,broken clouds
262,Nurota,UZ,40.5614,65.6886,63.59,32,3,7.02,clear sky
263,Antofagasta,CL,-23.65,-70.4,65.48,68,11,9.17,few clouds
264,Henties Bay,NA,-22.116,14.2845,61.66,83,0,4.92,clear sky
265,Anadyr,RU,64.75,177.4833,-8.9,77,0,4.47,clear sky
266,Avera,US,33.194,-82.5271,74.37,28,0,11.23,clear sky
267,Batemans Bay,AU,-35.7167,150.1833,63.1,62,100,6.31,light rain
268,Bathsheba,BB,13.2167,-59.5167,84.81,58,20,19.57,few clouds
269,Taltal,CL,-25.4,-70.4833,67.23,66,22,5.3,few clouds
270,Feijo,BR,-8.1642,-70.3536,82.22,69,99,1.74,overcast clouds
271,Mogadishu,SO,2.0371,45.3438,81.68,78,60,14.0,broken clouds
272,Joao Pinheiro,BR,-17.7425,-46.1725,85.23,41,6,4.72,clear sky
273,Erdaojiang,CN,41.7764,126.0319,36.77,69,0,4.38,clear sky
274,Tartagal,AR,-22.5164,-63.8013,83.26,39,0,3.76,clear sky
275,Tasiilaq,GL,65.6145,-37.6368,30.36,95,95,4.74,overcast clouds
276,Dori,BF,14.0354,-0.0345,94.21,8,15,8.05,few clouds
277,Cherskiy,RU,68.75,161.3,-2.67,98,100,3.6,overcast clouds
278,Namatanai,PG,-3.6667,152.4333,78.37,85,100,2.39,light rain
279,Ayan,RU,56.45,138.1667,25.39,91,100,18.95,light snow
280,Jalu,LY,29.0331,21.5482,78.8,13,9,11.14,clear sky
281,Juneau,US,58.3019,-134.4197,39.22,97,100,28.77,overcast clouds
282,Qaqortoq,GL,60.7167,-46.0333,41.94,74,100,2.24,overcast clouds
283,Hibbing,US,47.4272,-92.9377,41.4,37,100,12.66,overcast clouds
284,Taksimo,RU,56.3444,114.8794,5.49,83,92,4.68,overcast clouds
285,Puerto Escondido,MX,15.85,-97.0667,87.17,48,4,8.77,clear sky
286,Constantine,DZ,36.365,6.6147,47.61,76,75,10.36,broken clouds
287,Rio Grande,BR,-32.035,-52.0986,66.31,87,100,13.56,moderate rain
288,Zhoucheng,CN,35.9122,116.3117,45.16,79,9,7.52,clear sky
289,Belaya Gora,RU,68.5333,146.4167,-22.11,100,96,0.89,overcast clouds
290,Wadi Musa,JO,30.3222,35.4793,66.9,17,94,4.34,overcast clouds
291,Lebu,CL,-37.6167,-73.65,56.89,63,0,18.63,clear sky
292,Saint-Francois,FR,46.4154,3.9054,36.84,70,0,4.61,clear sky
293,Albi,FR,43.9298,2.148,36.46,82,70,3.22,broken clouds
294,Kalengwa,ZM,-13.4659,25.0027,63.09,97,77,1.77,light rain
295,Oussouye,SN,12.485,-16.5469,77.18,70,100,14.47,overcast clouds
296,Luanda,AO,-8.8368,13.2343,80.6,74,75,10.36,broken clouds
297,Torbay,CA,47.6666,-52.7314,41.88,71,20,35.68,few clouds
298,Abu Dhabi,AE,24.4667,54.3667,75.31,85,0,1.14,clear sky
299,Ambilobe,MG,-13.2,49.05,73.2,97,99,2.21,light rain
300,Rawson,AR,-43.3002,-65.1023,62.29,26,13,15.77,few clouds
301,Bambanglipuro,ID,-7.95,110.2833,76.06,87,100,4.27,overcast clouds
302,Kaitangata,NZ,-46.2817,169.8464,47.16,94,92,5.17,overcast clouds
303,Pacifica,US,37.6138,-122.4869,77.61,69,20,20.71,mist
304,Hasaki,JP,35.7333,140.8333,48.29,75,98,21.16,light rain
305,Solnechnyy,RU,50.7214,136.6319,33.6,82,100,7.63,overcast clouds
306,Doka,SD,13.5167,35.7667,94.03,15,17,11.48,few clouds
307,Zhigansk,RU,66.7697,123.3711,2.03,98,98,9.1,overcast clouds
308,Srivardhan,IN,18.0333,73.0167,78.35,78,12,5.86,few clouds
309,Asyut,EG,27.181,31.1837,78.98,11,98,5.55,overcast clouds
310,Ati,TD,13.2154,18.3353,90.86,8,100,9.17,overcast clouds
311,Marzuq,YE,14.4,46.4667,69.84,36,3,6.29,clear sky
312,Saldanha,ZA,-33.0117,17.9442,59.05,80,0,3.85,clear sky
313,Pandan,PH,14.0453,124.1694,78.28,84,61,13.82,broken clouds
314,Rincon,US,32.296,-81.2354,77.86,25,0,11.5,clear sky
315,Geraldton,AU,-28.7667,114.6,72.01,88,75,16.11,broken clouds
316,Omsukchan,RU,62.5333,155.8,-8.9,100,54,2.75,broken clouds
317,Hamilton,US,39.1834,-84.5333,57.94,49,40,7.0,scattered clouds
318,Andenes,NO,69.3143,16.1194,28.38,59,1,24.16,clear sky
319,Qandala,SO,11.472,49.8728,85.14,41,36,9.4,scattered clouds
320,Catuday,PH,16.2923,119.8062,77.77,72,61,8.79,broken clouds
321,Buchanan,LR,5.8808,-10.0467,79.5,85,86,8.43,overcast clouds
322,Svetlogorsk,BY,52.6333,29.7333,28.9,85,100,6.71,overcast clouds
323,Ilo,PE,-17.6394,-71.3375,71.87,70,8,9.71,clear sky
324,Simbahan,PH,6.3032,120.5836,80.87,79,85,9.26,overcast clouds
325,Nanortalik,GL,60.1432,-45.2371,37.85,80,98,5.39,overcast clouds
326,Wiang Sa,TH,8.6359,99.3666,74.26,95,99,1.7,moderate rain
327,Bonavista,CA,48.6499,-53.1147,36.57,85,100,13.51,overcast clouds
328,Havoysund,NO,70.9963,24.6622,26.83,57,100,14.63,light snow
329,Maumere,ID,-8.6199,122.2111,77.9,73,48,3.0,scattered clouds
330,Paignton,GB,50.4357,-3.5679,44.62,72,70,4.0,broken clouds
331,Sistranda,NO,63.7256,8.834,31.96,83,100,8.46,light snow
332,Gamba,GA,-2.65,10.0,77.54,94,100,3.89,overcast clouds
333,Pochutla,MX,15.7432,-96.4661,90.82,34,5,9.13,clear sky
334,Eregli,TR,37.5133,34.0467,56.68,38,100,6.29,overcast clouds
335,Lowestoft,GB,52.4752,1.7516,44.42,68,83,10.18,broken clouds
336,Waterloo,CA,43.4668,-80.5164,38.46,82,100,17.27,overcast clouds
337,Kautokeino,NO,69.0125,23.0412,13.12,97,93,7.54,overcast clouds
338,Tilichiki,RU,60.4667,166.1,9.03,85,96,6.73,overcast clouds
339,Yenagoa,NG,4.9247,6.2642,79.86,83,100,5.66,overcast clouds
340,Lebanon,US,36.2081,-86.2911,64.17,35,0,0.0,clear sky
341,Ilulissat,GL,69.2167,-51.1,30.22,74,75,4.61,broken clouds
342,Kamir,PK,30.4333,73.05,75.97,8,6,4.9,clear sky
343,Luderitz,NA,-26.6481,15.1594,60.57,87,0,5.82,clear sky
344,Coracao De Jesus,BR,-16.6853,-44.365,85.5,31,1,9.28,clear sky
345,Tomatlan,MX,19.9333,-105.25,90.19,35,61,12.24,broken clouds
346,Chicontepec,MX,20.9667,-98.1667,87.64,36,57,7.63,broken clouds
347,Puerto Castilla,HN,16.0167,-85.9667,85.95,70,20,0.0,few clouds
348,Talnakh,RU,69.4865,88.3972,-0.22,98,86,5.95,overcast clouds
349,Adolfo Lopez Mateos,MX,28.4667,-107.3,71.92,4,43,18.14,scattered clouds
350,Sapele,NG,5.8941,5.6767,80.42,77,84,5.14,broken clouds
351,Tongliao,CN,43.6125,122.2653,49.57,32,43,21.52,scattered clouds
352,Shubarkuduk,KZ,49.1447,56.4872,45.93,72,100,12.24,overcast clouds
353,Sao Joao Da Barra,BR,-21.6403,-41.0511,78.89,82,14,11.12,few clouds
354,Quatre Cocos,MU,-20.2078,57.7625,80.1,79,21,13.09,few clouds
355,Sabya,SA,17.1495,42.6254,85.62,46,7,6.06,clear sky
356,Mercedes,AR,-34.6515,-59.4307,69.04,53,82,8.34,broken clouds
357,Dzhebariki-Khaya,RU,62.2167,135.8,-4.14,99,92,2.17,overcast clouds
358,Nizhniy Tsasuchey,RU,50.5167,115.1333,29.28,49,100,8.39,overcast clouds
359,Bracebridge,CA,45.0334,-79.3163,42.87,65,75,11.5,broken clouds
360,Lerwick,GB,60.1545,-1.1494,48.2,96,100,22.3,overcast clouds
361,Fatehpur,IN,25.9333,80.8,82.9,9,0,3.51,clear sky
362,Northam,GB,51.0333,-4.2167,44.62,71,53,9.13,broken clouds
363,Husavik,IS,66.0449,-17.3389,29.77,95,100,11.99,snow
364,Impfondo,CG,1.6381,18.0667,71.69,96,100,1.59,overcast clouds
365,Port Blair,IN,11.6667,92.75,82.44,78,40,5.75,mist
366,Suamico,US,44.6319,-88.0393,47.48,62,100,5.01,overcast clouds
367,Launceston,AU,-41.45,147.1667,56.16,92,40,9.22,scattered clouds
368,Chulman,RU,56.8479,124.9104,9.32,94,99,9.01,overcast clouds
369,Jamkhandi,IN,16.5167,75.3,82.8,52,100,11.14,overcast clouds
370,Khandyga,RU,62.6667,135.6,1.13,97,98,3.6,overcast clouds
371,Terrace Bay,CA,48.7834,-87.1,34.5,93,82,2.06,broken clouds
372,Recas,RO,45.7989,21.5008,38.82,100,40,4.61,scattered clouds
373,Bemidji,US,47.4736,-94.8803,37.89,59,0,6.91,clear sky
374,Kavaratti,IN,10.5669,72.642,82.31,72,71,7.0,broken clouds
375,Pangnirtung,CA,66.1451,-65.7125,23.0,86,100,3.44,overcast clouds
376,Narsaq,GL,60.9167,-46.05,46.62,76,100,4.41,overcast clouds
377,Port Macquarie,AU,-31.4333,152.9167,61.9,87,100,9.84,light rain
378,Leningradskiy,RU,69.3833,178.4167,-17.82,100,95,2.51,overcast clouds
379,Calama,CL,-22.4667,-68.9333,73.89,15,0,19.57,clear sky
380,Marsh Harbour,BS,26.5412,-77.0636,78.13,71,55,13.69,broken clouds
381,Paveh,IR,35.0434,46.3565,59.9,36,100,2.73,overcast clouds
382,Ouahigouya,BF,13.5828,-2.4216,91.27,14,100,4.29,overcast clouds
383,Portland,US,45.5234,-122.6762,55.63,67,100,9.22,overcast clouds
384,Udachnyy,RU,66.4167,112.4,10.45,84,100,9.15,light snow
385,Hirado,JP,33.3597,129.5531,53.29,56,0,16.2,clear sky
386,Los Llanos De Aridane,ES,28.6585,-17.9182,60.55,96,40,11.99,scattered clouds
387,Severo-Kurilsk,RU,50.6789,156.125,30.2,87,23,11.59,few clouds
388,Souillac,MU,-20.5167,57.5167,79.18,83,75,11.5,broken clouds
389,Tuktoyaktuk,CA,69.4541,-133.0374,-20.2,69,20,2.3,few clouds
390,College,US,64.8569,-147.8028,23.0,63,75,3.44,broken clouds
391,Moose Factory,CA,51.2585,-80.6094,30.2,43,100,10.36,overcast clouds
392,Port Antonio,JM,18.18,-76.4612,88.0,64,33,12.33,scattered clouds
393,Ulverstone,AU,-41.15,146.1667,58.08,81,20,4.21,few clouds
394,Forestville,US,38.8451,-76.875,56.55,43,20,18.41,few clouds
395,Nikolsk,RU,53.7189,46.0712,34.88,89,100,7.85,overcast clouds
396,Takab,IR,36.4009,47.1133,53.31,43,77,1.36,broken clouds
397,Rocha,UY,-34.4833,-54.3333,71.31,66,96,9.37,overcast clouds
398,Puerto Ayacucho,VE,5.6639,-67.6236,87.48,60,86,5.61,overcast clouds
399,Chateau-Thierry,FR,49.05,3.4,39.36,66,9,4.07,clear sky
400,Pakokku,MM,21.3333,95.1,82.94,55,98,11.43,overcast clouds
401,Bethel,US,41.3712,-73.414,42.67,89,100,3.67,overcast clouds
402,Tapes,BR,-30.6733,-51.3958,66.33,97,100,10.83,moderate rain
403,Gat,IL,31.61,34.7642,72.39,50,100,6.15,overcast clouds
404,Amahai,ID,-3.3333,128.9167,78.1,82,100,1.52,overcast clouds
405,Faya,SA,18.3851,42.4509,66.31,26,85,3.67,overcast clouds
406,Nosy Varika,MG,-20.5833,48.5333,73.38,91,52,6.67,broken clouds
407,Margate,GB,51.3813,1.3862,42.69,64,57,3.0,broken clouds
408,Semnan,IR,35.5729,53.3971,69.64,17,0,2.3,clear sky
409,Yulara,AU,-25.2406,130.9889,57.04,35,0,4.61,clear sky
410,Santa Cruz,BO,-17.8,-63.1667,86.05,48,20,23.02,few clouds
411,Amethi,IN,26.15,81.8167,80.85,9,0,4.18,clear sky
412,Dalbandin,PK,28.8947,64.4101,74.84,9,2,5.44,clear sky
413,Lorengau,PG,-2.0226,147.2712,80.06,77,100,0.92,overcast clouds
414,Grindavik,IS,63.8424,-22.4338,40.95,100,75,16.11,broken clouds
415,Krasnoselkup,RU,65.7,82.4667,-1.89,99,97,6.22,overcast clouds
416,Havelock,US,34.8791,-76.9013,75.18,35,0,16.11,clear sky
417,Sokone,SN,13.8833,-16.3667,79.3,41,63,15.84,broken clouds
418,Lucapa,AO,-8.4192,20.7447,67.59,94,96,3.4,overcast clouds
419,Mikhaylovka,RU,50.06,43.2379,49.69,70,100,14.74,overcast clouds
420,Sitka,US,57.0531,-135.33,39.09,87,100,17.27,moderate rain
421,Chengde,CN,40.9725,117.9361,43.05,46,0,2.19,clear sky
422,Khotyn,UA,48.4833,26.5,33.84,70,100,14.05,overcast clouds
423,Ryazan,RU,54.6197,39.74,29.7,95,100,8.52,overcast clouds
424,Naze,JP,28.3667,129.4833,58.12,61,13,12.15,few clouds
425,Taseyevo,RU,57.2169,94.8978,9.39,97,28,1.28,scattered clouds
426,Gazanjyk,TM,39.2446,55.5154,77.7,18,0,3.31,clear sky
427,Riyadh,SA,24.6877,46.7219,80.74,12,89,7.92,overcast clouds
428,Vardo,NO,70.3705,31.1107,26.58,93,75,10.36,light shower snow
429,Shar,KZ,49.5886,81.0453,31.01,86,90,6.29,overcast clouds
430,Vao,NC,-22.6667,167.4833,79.11,87,88,19.28,overcast clouds
431,Gazojak,TM,41.1875,61.4036,67.93,19,0,11.97,clear sky
432,Jinan,CN,36.6683,116.9972,53.17,57,2,8.75,clear sky
433,Virginia Beach,US,36.8529,-75.978,71.64,31,0,1.99,clear sky
434,Prince Rupert,CA,54.3161,-130.3201,42.89,70,75,26.46,broken clouds
435,Yaan,NG,7.3833,8.5667,90.61,33,100,8.61,overcast clouds
436,Breytovo,RU,58.2993,37.8617,20.3,93,23,5.5,few clouds
437,Hokitika,NZ,-42.7167,170.9667,54.84,77,2,3.89,clear sky
438,Nome,US,64.5011,-165.4064,13.15,52,0,3.44,clear sky
439,Gimli,CA,50.6336,-96.9907,32.02,74,98,4.61,overcast clouds
440,Pisco,PE,-13.7,-76.2167,73.45,64,0,18.41,clear sky
441,Trairi,BR,-3.2778,-39.2689,78.3,90,36,8.75,scattered clouds
442,Lac Du Bonnet,CA,50.2536,-96.0612,35.08,77,100,2.66,overcast clouds
443,Richards Bay,ZA,-28.783,32.0377,75.47,84,97,10.76,overcast clouds
444,Gannan,CN,47.9147,123.5031,45.7,38,39,7.0,scattered clouds
445,Pinawa,CA,50.1489,-95.8811,35.13,76,100,2.8,overcast clouds
446,Huaiyin,CN,33.5886,119.0192,41.79,76,31,7.4,scattered clouds
447,Atambua,ID,-9.1061,124.8925,71.01,85,22,2.66,few clouds
448,Slave Lake,CA,55.2834,-114.769,51.78,28,40,14.97,scattered clouds
449,Kangaatsiaq,GL,68.3065,-53.4641,30.81,89,21,8.28,few clouds
450,Gillette,US,44.2911,-105.5022,50.11,29,0,24.16,clear sky
451,Bar Harbor,US,44.3876,-68.2039,48.94,42,0,14.97,clear sky
452,Waipawa,NZ,-41.4122,175.5153,53.38,86,14,2.66,few clouds
453,Kholodnyy,RU,62.7167,147.95,-16.2,100,93,1.28,overcast clouds
454,Bend,US,44.0582,-121.3153,55.24,37,20,8.01,few clouds
455,Vagur,FO,61.4732,-6.8119,45.68,96,100,30.04,overcast clouds
456,Donauworth,DE,48.7,10.8,29.95,86,12,1.86,few clouds
457,Kenora,CA,49.8167,-94.4337,34.77,64,100,0.0,overcast clouds
458,Andrelandia,BR,-21.7397,-44.3092,70.66,89,55,5.48,broken clouds
459,Adrar,MR,20.5022,-10.0711,82.63,11,0,11.05,clear sky
460,Pozo Colorado,PY,-23.4923,-58.7972,89.91,41,100,6.73,overcast clouds
461,Lakes Entrance,AU,-37.8811,147.981,57.16,93,100,20.07,light rain
462,Korhogo,CI,9.45,-5.6333,86.34,42,61,7.74,broken clouds
463,Fortuna,US,40.5982,-124.1573,57.92,69,20,10.36,few clouds
464,Trincomalee,LK,8.5711,81.2335,80.64,78,5,5.41,clear sky
465,Moche,PE,-8.1711,-79.0092,69.98,78,86,9.22,fog
466,Yining,CN,29.0361,114.5636,52.68,82,97,0.96,overcast clouds
467,Katangli,RU,51.7102,143.2326,37.62,72,96,14.41,overcast clouds
468,Kaeo,NZ,-35.1,173.7833,66.33,92,18,1.03,few clouds
469,Sao Jose Da Coroa Grande,BR,-8.8978,-35.1478,79.66,81,21,9.91,few clouds
470,Japura,ID,-0.3167,102.35,73.4,93,8,1.28,clear sky
471,Ler,SS,8.3018,30.1418,88.95,39,96,3.6,overcast clouds
472,Cedar City,US,37.6775,-113.0619,59.4,37,0,3.44,clear sky
473,Tres Picos,MX,15.8667,-93.5333,91.62,53,90,8.21,overcast clouds
474,Itoman,JP,26.1247,127.6694,64.42,77,75,13.8,broken clouds
475,Saint George,US,37.1041,-113.5841,75.63,21,0,4.0,clear sky
476,Lavrentiya,RU,65.5833,-171.0,-8.03,89,22,11.16,few clouds
477,Celestun,MX,20.8667,-90.4,83.61,66,39,14.56,scattered clouds
478,Zhanaozen,KZ,43.3,52.8,55.96,56,45,9.04,scattered clouds
479,Bandarbeyla,SO,9.4942,50.8122,79.29,75,94,4.45,overcast clouds
480,Rosetta,EG,31.4044,30.4164,61.88,75,3,9.62,clear sky
481,Vanavara,RU,60.34,102.2797,-1.7,99,42,3.36,scattered clouds
482,Salalah,OM,17.0151,54.0924,78.44,63,1,2.62,clear sky
483,Boca Do Acre,BR,-8.7522,-67.3978,88.27,54,74,1.57,broken clouds
484,Chenghai,CN,23.4632,116.768,51.71,93,0,2.24,clear sky
485,Khonsa,IN,27.0167,95.5667,61.32,98,98,3.2,overcast clouds
486,Basco,PH,20.4487,121.9702,74.41,78,100,32.14,overcast clouds
487,Khash,IR,28.2211,61.2158,67.69,12,0,3.74,clear sky
488,Hammerfest,NO,70.6634,23.6821,25.25,68,40,9.22,scattered clouds
489,Klyuchi,RU,52.2667,79.1667,38.3,78,98,7.23,overcast clouds
490,Sur,OM,22.5667,59.5289,82.44,46,9,9.08,clear sky
491,Languyan,PH,5.2618,120.0807,77.56,88,50,4.83,scattered clouds
492,Alofi,NU,-19.0595,-169.9187,75.09,94,89,3.44,overcast clouds
493,Umm Kaddadah,SD,13.6017,26.6876,84.74,9,100,12.19,overcast clouds
494,Tuxtepec,MX,18.1,-96.1167,99.23,29,6,4.21,clear sky
495,Port Hardy,CA,50.6996,-127.4199,42.98,87,100,3.44,light intensity shower rain
496,Kruisfontein,ZA,-34.0033,24.7314,61.88,84,89,1.66,overcast clouds
497,Cayenne,GF,4.9333,-52.3333,82.44,1,40,10.36,scattered clouds
498,Hervey Bay,AU,-25.2986,152.8535,68.02,92,2,5.99,clear sky
499,Alekseyevsk,RU,57.8406,108.3492,5.14,98,100,3.65,overcast clouds
500,Puri,IN,19.8,85.85,79.9,87,8,20.83,clear sky
501,Kalmunai,LK,7.4167,81.8167,78.73,81,2,3.87,clear sky
502,Sept-Iles,CA,50.2001,-66.3821,43.32,36,20,8.05,few clouds
503,Bama,NG,11.5221,13.6856,88.56,9,73,9.06,broken clouds
504,Ostrovnoy,RU,68.0531,39.5131,15.84,92,100,6.58,overcast clouds
505,Panzhihua,CN,26.5851,101.7128,63.19,59,100,0.22,overcast clouds
506,Maputo,MZ,-25.9653,32.5892,80.28,86,0,12.66,clear sky
507,Sira,IN,13.7453,76.9092,80.62,32,73,4.12,broken clouds
508,San Vicente,AR,-26.6167,-54.1333,76.77,65,100,3.53,overcast clouds
509,Carballo,ES,43.213,-8.691,48.0,68,4,12.33,clear sky
510,Diego De Almagro,CL,-26.3667,-70.05,78.28,17,0,12.62,clear sky
511,Mount Gambier,AU,-37.8333,140.7667,46.31,100,38,5.75,mist
512,Baihar,IN,22.1,80.55,78.24,17,0,2.3,clear sky
513,Saint Anthony,US,45.0205,-93.218,43.25,69,100,8.05,snow
514,Hondo,JP,32.45,130.2,51.49,58,0,7.65,clear sky
515,Krasnyy Yar,RU,46.5331,48.3456,64.33,45,100,7.63,overcast clouds
516,Aloleng,PH,16.1307,119.7824,78.73,71,74,7.63,broken clouds
517,Hualmay,PE,-11.0964,-77.6139,73.51,75,17,10.54,few clouds
518,Teacapan,MX,22.55,-105.75,76.03,62,0,10.13,clear sky
519,Tingo Maria,PE,-9.2895,-76.0088,85.01,55,34,3.89,scattered clouds
520,Egvekinot,RU,66.3167,-179.1667,-7.58,83,62,16.89,broken clouds
521,Lazaro Cardenas,MX,17.9583,-102.2,80.58,58,60,9.91,broken clouds
522,Shimoda,JP,34.6667,138.95,49.1,91,100,18.07,moderate rain
523,Kutum,SD,14.2,24.6667,79.27,11,100,9.73,overcast clouds
524,Korla,CN,41.7597,86.1469,57.02,23,0,3.51,clear sky
525,Pemangkat,ID,1.1667,108.9667,77.52,86,87,2.8,overcast clouds
526,Okhotsk,RU,59.3833,143.3,17.02,92,100,8.77,overcast clouds
527,Gadung,PH,6.8025,124.02,78.49,80,95,3.56,overcast clouds
528,Glencoe,ZA,-28.1783,30.147,56.28,91,99,4.0,overcast clouds
529,Pangai,TO,-19.8,-174.35,78.91,83,75,5.75,broken clouds
530,Teknaf,BD,20.8624,92.3058,76.33,90,14,5.48,few clouds
531,Pimenta Bueno,BR,-11.6725,-61.1936,84.99,71,24,3.51,few clouds
532,Brigg,GB,53.552,-0.4921,46.98,62,100,12.66,overcast clouds
533,Kaka,TM,37.3482,59.6143,72.09,18,24,4.85,few clouds
534,Tual,ID,-5.6667,132.75,81.7,66,51,2.06,broken clouds
535,Salinas,US,36.6777,-121.6555,75.99,64,0,12.66,clear sky
536,Touros,BR,-5.1989,-35.4608,79.02,85,99,11.7,overcast clouds
537,Coihaique,CL,-45.5752,-72.0662,53.55,58,75,8.05,light intensity shower rain
538,Yichang,CN,30.7144,111.2847,60.3,70,100,1.88,overcast clouds
539,Grande Prairie,CA,55.1667,-118.8027,50.18,32,75,6.91,broken clouds
540,Srednekolymsk,RU,67.45,153.6833,-18.94,100,95,1.5,overcast clouds
541,South Venice,US,27.0531,-82.4243,77.27,83,100,5.75,haze
542,Duki,PK,30.1541,68.5728,69.55,8,100,6.26,overcast clouds
543,Jiwani,PK,25.05,61.7417,78.22,72,6,1.99,clear sky
544,Almaznyy,RU,48.0448,40.045,47.19,81,100,21.3,overcast clouds
545,Hue,VN,16.4667,107.6,64.51,88,75,3.44,broken clouds
546,Tome,CL,-36.6167,-72.95,61.41,47,0,13.94,clear sky
547,Mega,ET,4.05,38.3,66.79,43,83,11.61,broken clouds
548,Nuevo Progreso,MX,23.1667,-97.95,86.54,48,67,11.01,broken clouds
549,Codrington,AU,-38.2667,141.9667,58.39,85,100,5.39,overcast clouds
550,Canchungo,GW,12.0672,-16.0333,80.73,50,23,10.87,few clouds
551,Aguimes,ES,27.9054,-15.4461,63.23,88,75,11.5,broken clouds
552,El Tigre,VE,8.8875,-64.2454,90.01,39,39,11.83,scattered clouds
553,Sagaing,MM,21.8787,95.9797,80.55,60,88,7.99,overcast clouds
554,Sande,DE,53.5049,8.0142,41.02,74,59,8.81,broken clouds
555,Astoria,US,46.1879,-123.8313,53.49,79,100,17.0,overcast clouds
556,Talcahuano,CL,-36.7167,-73.1167,62.28,51,0,19.57,clear sky
557,Birin,NP,26.8865,88.0718,59.34,80,59,2.24,broken clouds
558,Pontalina,BR,-17.525,-49.4472,84.47,55,12,4.25,few clouds
559,Wanning,CN,18.8003,110.3967,66.58,77,100,11.74,overcast clouds
560,Jumla,NP,29.2747,82.1838,46.09,49,28,4.36,scattered clouds
561,Yerbogachen,RU,61.2767,108.0108,4.14,96,93,6.11,overcast clouds
562,Kiama,AU,-34.6833,150.8667,62.08,74,0,1.99,clear sky
563,Kalamazoo,US,42.2506,-85.55,47.35,61,100,3.44,overcast clouds
564,Berlevag,NO,70.8578,29.0864,28.35,64,75,16.11,broken clouds
565,Porto-Vecchio,FR,41.591,9.2795,47.73,66,0,12.66,clear sky
566,Erenhot,CN,43.6475,111.9767,45.48,25,32,14.63,scattered clouds
567,Evensk,RU,61.95,159.2333,5.05,86,35,5.26,scattered clouds
568,Hami,CN,42.8,93.45,53.71,25,0,8.46,clear sky
569,Namibe,AO,-15.1961,12.1522,70.88,80,100,8.79,overcast clouds
570,Lodingen,NO,68.414,15.9951,28.35,71,100,7.05,overcast clouds
571,Marfino,RU,55.7028,37.3822,31.91,53,0,4.47,clear sky
572,Locri,IT,38.2414,16.2623,50.32,75,100,8.19,light rain
573,Mitsamiouli,KM,-11.3847,43.2844,81.7,75,16,5.06,few clouds
574,Pag,HR,44.445,15.0575,43.38,60,1,10.0,clear sky
575,Timra,SE,62.487,17.3257,28.08,93,40,2.3,scattered clouds
576,Valdivia,CL,-39.8142,-73.2459,60.89,57,65,3.65,broken clouds
577,Shumskiy,RU,54.8318,99.1328,24.46,95,100,2.59,light snow
578,Roebourne,AU,-20.7833,117.1333,80.69,70,0,10.56,clear sky
579,Bo Phloi,TH,14.3236,99.5161,75.31,58,100,7.65,overcast clouds
580,Mishan,CN,45.55,131.8833,38.89,57,0,6.73,clear sky
581,Innisfail,AU,-17.5333,146.0333,74.35,90,48,3.69,scattered clouds
582,Carnduff,CA,49.1667,-101.8009,42.39,50,100,2.35,overcast clouds
583,Harper,LR,4.375,-7.7169,80.31,82,100,9.55,overcast clouds
584,Tiarei,PF,-17.5333,-149.3333,84.22,76,32,12.71,light rain
585,Ambon,ID,-3.6954,128.1814,80.74,78,40,3.44,scattered clouds
586,Douglas,US,41.3,-96.167,64.31,48,100,12.66,overcast clouds
587,Naryan-Mar,RU,67.6713,53.087,9.73,94,100,10.25,overcast clouds
588,Zhangjiakou,CN,40.81,114.8794,45.1,33,10,3.29,clear sky
589,Itamaraca,BR,-7.7478,-34.8256,84.25,79,51,10.71,broken clouds
590,Chara,RU,56.9064,118.2631,1.11,75,99,4.61,overcast clouds
591,Ahipara,NZ,-35.1667,173.1667,64.74,86,3,2.24,clear sky
592,Ludvika,SE,60.1496,15.1878,39.0,72,100,6.62,overcast clouds
593,Rockport,US,28.0206,-97.0544,82.44,70,20,17.27,few clouds
594,Phalombe,MW,-15.8064,35.6507,67.01,97,17,2.24,few clouds
595,Champerico,GT,14.3,-91.9167,95.54,60,2,13.91,clear sky
596,Kijang,KR,35.2442,129.2139,44.33,64,0,4.03,clear sky
597,Binga,ZW,-17.6203,27.3414,74.73,73,44,4.54,scattered clouds
598,Jalingo,NG,8.8833,11.3667,87.93,26,100,1.52,overcast clouds
599,Washougal,US,45.5826,-122.3534,55.49,67,100,9.22,overcast clouds
600,Labuan,MY,5.2767,115.2417,79.16,94,20,0.0,few clouds
601,Katherine,AU,-14.4667,132.2667,75.52,64,39,4.61,scattered clouds
602,Bata,GQ,1.8639,9.7658,80.51,80,46,4.45,scattered clouds
603,Yaya,RU,56.206,86.44,26.11,94,100,8.28,overcast clouds
604,Pathein,MM,16.7833,94.7333,77.72,70,93,2.75,overcast clouds
605,Vostok,RU,46.4856,135.8833,27.46,82,0,7.02,clear sky
606,Turkistan,KZ,43.0,68.0,65.37,31,67,5.66,broken clouds
607,Dukat,RU,62.55,155.55,-6.59,100,71,2.57,broken clouds
608,Shingu,JP,33.7333,135.9833,49.66,88,97,5.99,overcast clouds
609,Vilhena,BR,-12.7406,-60.1458,88.02,55,75,6.91,broken clouds
610,Newport,GB,51.5877,-2.9984,46.26,70,100,11.63,overcast clouds
611,Alakurtti,RU,66.9672,30.3491,19.22,98,98,1.81,light snow
612,San Isidro,PE,-12.1167,-77.05,75.51,80,0,11.5,clear sky
613,Xingcheng,CN,40.6167,120.7167,44.31,75,1,13.09,clear sky
614,Nassjo,SE,57.6531,14.6968,32.92,75,100,9.6,overcast clouds
615,Cortez,US,37.3489,-108.5859,64.04,37,100,8.61,overcast clouds
616,Belmonte,BR,-15.8631,-38.8828,80.98,72,3,8.05,clear sky
617,Mitu,CO,1.1983,-70.1733,81.07,84,81,2.73,broken clouds
618,Cockburn Town,TC,21.4612,-71.1419,82.36,69,40,17.27,scattered clouds
619,Vavatenina,MG,-17.4667,49.2,70.57,99,25,2.17,scattered clouds
620,Macas,EC,-2.3167,-78.1167,83.95,51,20,9.22,few clouds
621,Port Pirie,AU,-33.1833,138.0167,50.09,58,13,3.85,few clouds
622,Gonen,TR,40.1049,27.654,49.84,60,79,5.73,broken clouds
623,Tekeli,KZ,44.83,78.8239,39.4,46,44,12.08,scattered clouds
624,Canutama,BR,-6.5339,-64.3831,86.86,58,66,0.63,broken clouds
625,Bud,US,39.447,-86.1758,59.76,44,4,11.05,clear sky
626,Daru,PG,-9.0763,143.2092,78.01,85,27,6.58,scattered clouds
627,Tokur,RU,53.1333,132.9,30.58,98,100,7.16,snow
628,Shorewood,US,41.52,-88.2017,55.06,58,100,4.61,overcast clouds
629,Bacolod,PH,10.6667,122.95,78.15,84,98,11.52,overcast clouds
630,Sakakah,SA,29.9697,40.2064,78.37,11,6,8.41,clear sky
631,Scarborough,GB,54.2797,-0.4044,44.65,75,100,5.99,overcast clouds
632,Quelimane,MZ,-17.8786,36.8883,80.55,83,0,7.0,clear sky
633,Broken Hill,AU,-31.95,141.4333,49.71,76,0,0.0,clear sky
634,Kondopoga,RU,62.2057,34.2614,28.08,98,61,2.13,broken clouds
635,Nyaunglebin,MM,17.95,96.7333,77.27,62,64,1.63,broken clouds
636,Tambun,ID,-6.2641,107.0712,84.47,74,100,2.62,overcast clouds
637,Solikamsk,RU,59.6196,56.7729,39.43,99,100,13.53,overcast clouds
638,Vargem Alta,BR,-20.6714,-41.0069,70.61,97,53,2.77,broken clouds
639,Atasu,KZ,48.6814,71.6433,37.11,71,100,5.44,overcast clouds
640,Camacha,PT,33.0833,-16.3333,58.42,67,75,25.32,broken clouds
641,Dunedin,NZ,-45.8742,170.5036,55.8,76,93,5.01,overcast clouds
642,Eureka,US,40.8021,-124.1637,60.67,69,100,8.99,overcast clouds
643,Maki,JP,37.75,138.8833,42.91,86,100,5.5,overcast clouds
644,Chiang Klang,TH,19.2938,100.8617,67.6,75,38,1.21,scattered clouds
645,Muros,ES,42.7762,-9.0603,49.08,52,0,19.69,clear sky
646,Gualaceo,EC,-2.9,-78.7833,74.86,73,97,4.97,light rain
647,Quezon,PH,7.7303,125.0989,70.81,92,98,2.84,overcast clouds
648,Moree,AU,-29.4667,149.85,60.82,94,100,8.05,overcast clouds
649,Tamale,GH,9.4008,-0.8393,82.62,56,91,12.37,light rain
650,Port Lincoln,AU,-34.7333,135.8667,58.87,83,0,3.38,clear sky
651,Khanpur,PK,28.6453,70.6567,78.76,8,23,3.31,few clouds
652,Corner Brook,CA,48.9667,-57.9484,37.56,96,100,12.82,overcast clouds
653,Price,US,39.5994,-110.8107,62.11,22,99,5.21,overcast clouds
654,Robertsport,LR,6.7533,-11.3686,79.43,86,100,10.98,overcast clouds
655,Tupik,RU,54.4253,119.9327,11.66,88,70,9.53,light snow
656,Gushikawa,JP,26.3544,127.8686,63.63,80,40,9.22,scattered clouds
657,Stornoway,GB,58.2093,-6.3865,49.96,94,100,17.27,overcast clouds
658,Santa Maria,BR,-29.6842,-53.8069,63.7,94,100,9.22,moderate rain
659,Viedma,AR,-40.8135,-62.9967,53.94,61,100,16.71,light rain
660,Dubai,AE,25.2582,55.3047,78.73,61,0,5.75,clear sky
661,Jadu,LY,31.953,12.0261,64.02,40,0,7.18,clear sky
662,Vanimo,PG,-2.6741,141.3028,77.31,87,100,2.48,overcast clouds
663,Hauterive,FR,46.0901,3.4459,38.16,94,87,2.95,overcast clouds
664,Maltahohe,NA,-24.8333,16.9833,61.79,28,0,9.84,clear sky
665,Mapiripan,CO,2.8892,-72.1256,84.47,69,98,4.88,overcast clouds
666,Chiredzi,ZW,-21.05,31.6667,76.21,67,60,6.82,broken clouds
667,Reyes,BO,-14.3167,-67.3833,87.28,46,0,3.83,clear sky
668,Bogande,BF,12.9714,-0.1436,94.37,19,72,8.7,broken clouds
669,Imeni Babushkina,RU,59.7573,43.1285,18.43,95,88,6.04,overcast clouds
670,Tigre,AR,-34.426,-58.5796,73.54,82,100,5.06,overcast clouds
671,Zatoka,UA,46.0725,30.4654,42.39,71,100,14.18,overcast clouds
672,Nichinan,JP,31.6,131.3667,49.51,58,0,6.49,clear sky
673,Alpena,US,45.0617,-83.4327,41.11,73,96,5.01,overcast clouds
674,Jining,CN,35.405,116.5814,45.32,77,17,8.39,few clouds
675,Caceres,ES,39.522,-6.3748,43.0,55,64,7.92,broken clouds
676,Antalaha,MG,-14.9003,50.2788,76.01,84,93,5.48,overcast clouds
677,Komsomolskiy,UZ,40.4272,71.7189,57.92,62,100,6.91,overcast clouds
678,Orlik,RU,52.5178,99.825,27.14,94,100,4.34,light snow
679,Acaponeta,MX,22.4964,-105.3594,91.29,31,0,8.77,clear sky
680,Alta Floresta,BR,-9.8756,-56.0861,80.42,83,40,6.91,scattered clouds
681,La Grande,US,45.3246,-118.0877,57.0,35,100,6.76,overcast clouds
682,Fomboni,KM,-12.28,43.7425,82.89,74,8,10.25,clear sky
683,Paita,PE,-5.0892,-81.1144,77.67,69,44,16.26,scattered clouds
684,Nanchang,CN,28.6833,115.8833,55.33,67,67,4.14,broken clouds
685,Dawei,MM,14.0833,98.2,72.09,62,98,9.13,overcast clouds
686,Tahe,CN,52.3333,124.7333,28.63,80,34,11.41,scattered clouds
687,Nelson,NZ,-41.2833,173.2833,61.29,88,1,1.01,clear sky
688,Sao Gabriel Da Cachoeira,BR,-0.1303,-67.0892,82.11,84,66,1.95,broken clouds
689,Pak Phanang,TH,8.3511,100.202,80.08,88,98,5.46,moderate rain
690,Wonthaggi,AU,-38.6044,145.5913,57.81,84,98,13.4,overcast clouds
691,Kyra,RU,49.5776,111.9753,28.0,82,69,2.06,broken clouds
692,Fairview,US,40.8126,-73.999,47.95,78,100,4.61,overcast clouds
693,Raudeberg,NO,61.9875,5.1352,34.47,92,100,4.72,light snow
694,Ngama,TD,11.7833,17.1667,90.55,8,100,6.76,overcast clouds
695,Hanzhong,CN,33.0728,107.0303,58.75,54,100,1.14,moderate rain
696,Chapayeve,UA,49.3662,35.8749,35.87,98,100,10.63,overcast clouds
697,Massakory,TD,12.996,15.7293,90.9,10,100,10.4,overcast clouds
698,Bowen,AU,-20.0167,148.2333,77.97,80,40,7.23,scattered clouds
699,Sharkan,RU,57.2989,53.8712,37.92,99,100,15.46,overcast clouds
700,Bilma,NE,18.6853,12.9164,87.26,5,3,5.79,clear sky
701,Lakatoro,VU,-16.0999,167.4164,77.0,87,100,13.35,overcast clouds
702,Fez,MA,34.0372,-4.9998,55.65,58,75,5.75,broken clouds
703,Pakxan,LA,18.3778,103.6601,64.17,61,84,4.43,broken clouds
704,Letka,RU,59.6011,49.4232,27.14,96,100,8.03,light snow
705,Gore,NZ,-46.1028,168.9436,45.05,97,97,1.83,overcast clouds
706,Najran,SA,17.4924,44.1277,72.25,15,10,0.92,clear sky
707,Rafai,CF,4.95,23.9167,75.85,63,77,3.85,broken clouds
